{
    "variable": [
        {
            "id": "baseUrl",
            "key": "baseUrl",
            "type": "string",
            "name": "string",
            "value": "http:\/\/localhost"
        }
    ],
    "info": {
        "name": "Laravel",
        "_postman_id": "93055ac2-847e-4134-80fa-77835b11ddeb",
        "description": "",
        "schema": "https:\/\/schema.getpostman.com\/json\/collection\/v2.1.0\/collection.json"
    },
    "item": [
        {
            "name": "Answer API",
            "description": "\nAPI endpoints for managing answers",
            "item": [
                {
                    "name": "GET api\/answers",
                    "request": {
                        "url": {
                            "host": "{{baseUrl}}",
                            "path": "api\/answers",
                            "query": [],
                            "raw": "{{baseUrl}}\/api\/answers"
                        },
                        "method": "GET",
                        "header": [
                            {
                                "key": "Content-Type",
                                "value": "application\/json"
                            },
                            {
                                "key": "Accept",
                                "value": "application\/json"
                            }
                        ],
                        "body": {
                            "mode": "raw",
                            "raw": "{\"page\":43,\"per_page\":2}"
                        },
                        "description": "",
                        "auth": {
                            "type": "noauth"
                        }
                    },
                    "response": [
                        {
                            "header": [
                                {
                                    "key": "cache-control",
                                    "value": "no-cache, private"
                                },
                                {
                                    "key": "content-type",
                                    "value": "application\/json"
                                },
                                {
                                    "key": "access-control-allow-origin",
                                    "value": "*"
                                }
                            ],
                            "code": 401,
                            "body": "{\"message\":\"Unauthenticated.\"}",
                            "name": ""
                        }
                    ]
                },
                {
                    "name": "GET api\/answers\/{id}",
                    "request": {
                        "url": {
                            "host": "{{baseUrl}}",
                            "path": "api\/answers\/:id",
                            "query": [],
                            "raw": "{{baseUrl}}\/api\/answers\/:id",
                            "variable": [
                                {
                                    "id": "id",
                                    "key": "id",
                                    "value": "enim",
                                    "description": "The ID of the answer."
                                }
                            ]
                        },
                        "method": "GET",
                        "header": [
                            {
                                "key": "Content-Type",
                                "value": "application\/json"
                            },
                            {
                                "key": "Accept",
                                "value": "application\/json"
                            }
                        ],
                        "body": null,
                        "description": "",
                        "auth": {
                            "type": "noauth"
                        }
                    },
                    "response": [
                        {
                            "header": [
                                {
                                    "key": "cache-control",
                                    "value": "no-cache, private"
                                },
                                {
                                    "key": "content-type",
                                    "value": "application\/json"
                                },
                                {
                                    "key": "access-control-allow-origin",
                                    "value": "*"
                                }
                            ],
                            "code": 401,
                            "body": "{\"message\":\"Unauthenticated.\"}",
                            "name": ""
                        }
                    ]
                },
                {
                    "name": "POST api\/answers",
                    "request": {
                        "url": {
                            "host": "{{baseUrl}}",
                            "path": "api\/answers",
                            "query": [],
                            "raw": "{{baseUrl}}\/api\/answers"
                        },
                        "method": "POST",
                        "header": [
                            {
                                "key": "Content-Type",
                                "value": "application\/json"
                            },
                            {
                                "key": "Accept",
                                "value": "application\/json"
                            }
                        ],
                        "body": {
                            "mode": "raw",
                            "raw": "{\"question_id\":\"veniam\",\"content\":\"zzzeayu\",\"is_correct\":false}"
                        },
                        "description": "",
                        "auth": {
                            "type": "noauth"
                        }
                    },
                    "response": []
                },
                {
                    "name": "PATCH api\/answers\/{id}",
                    "request": {
                        "url": {
                            "host": "{{baseUrl}}",
                            "path": "api\/answers\/:id",
                            "query": [],
                            "raw": "{{baseUrl}}\/api\/answers\/:id",
                            "variable": [
                                {
                                    "id": "id",
                                    "key": "id",
                                    "value": "voluptas",
                                    "description": "The ID of the answer."
                                }
                            ]
                        },
                        "method": "PATCH",
                        "header": [
                            {
                                "key": "Content-Type",
                                "value": "application\/json"
                            },
                            {
                                "key": "Accept",
                                "value": "application\/json"
                            }
                        ],
                        "body": {
                            "mode": "raw",
                            "raw": "{\"content\":\"snktrfiaavgsq\",\"is_correct\":true}"
                        },
                        "description": "",
                        "auth": {
                            "type": "noauth"
                        }
                    },
                    "response": []
                },
                {
                    "name": "DELETE api\/answers\/{id}",
                    "request": {
                        "url": {
                            "host": "{{baseUrl}}",
                            "path": "api\/answers\/:id",
                            "query": [],
                            "raw": "{{baseUrl}}\/api\/answers\/:id",
                            "variable": [
                                {
                                    "id": "id",
                                    "key": "id",
                                    "value": "molestias",
                                    "description": "The ID of the answer."
                                }
                            ]
                        },
                        "method": "DELETE",
                        "header": [
                            {
                                "key": "Content-Type",
                                "value": "application\/json"
                            },
                            {
                                "key": "Accept",
                                "value": "application\/json"
                            }
                        ],
                        "body": null,
                        "description": "",
                        "auth": {
                            "type": "noauth"
                        }
                    },
                    "response": []
                }
            ]
        },
        {
            "name": "Auth API",
            "description": "\nAPI endpoints for managing authentication for the user",
            "item": [
                {
                    "name": "Register a new user",
                    "request": {
                        "url": {
                            "host": "{{baseUrl}}",
                            "path": "api\/register",
                            "query": [],
                            "raw": "{{baseUrl}}\/api\/register"
                        },
                        "method": "POST",
                        "header": [
                            {
                                "key": "Content-Type",
                                "value": "application\/json"
                            },
                            {
                                "key": "Accept",
                                "value": "application\/json"
                            }
                        ],
                        "body": {
                            "mode": "raw",
                            "raw": "{\"name\":\"non\",\"email\":\"kuphal.tara@example.org\",\"password\":\"-8J29eBAQ\"}"
                        },
                        "description": "",
                        "auth": {
                            "type": "noauth"
                        }
                    },
                    "response": [
                        {
                            "header": [],
                            "code": 200,
                            "body": "{\n        \"success\": true,\n         \"data\": {\n             \"access_token\": \"UNKNOWN\",\n             \"token_type\": \"UNKNOWN\"\n         },\n         \"message\": \"Registered successfully\"\n}",
                            "name": ""
                        }
                    ]
                },
                {
                    "name": "Login as an existing user",
                    "request": {
                        "url": {
                            "host": "{{baseUrl}}",
                            "path": "api\/login",
                            "query": [],
                            "raw": "{{baseUrl}}\/api\/login"
                        },
                        "method": "POST",
                        "header": [
                            {
                                "key": "Content-Type",
                                "value": "application\/json"
                            },
                            {
                                "key": "Accept",
                                "value": "application\/json"
                            }
                        ],
                        "body": {
                            "mode": "raw",
                            "raw": "{\"email\":\"kaley.hickle@example.org\",\"password\":\"dolores\"}"
                        },
                        "description": "",
                        "auth": {
                            "type": "noauth"
                        }
                    },
                    "response": [
                        {
                            "header": [],
                            "code": 200,
                            "body": "{\n         \"success\": true,\n         \"data\": {\n             \"access_token\": \"UNKNOWN\",\n             \"token_type\": \"UNKNOWN\"\n         },\n         \"message\": \"Logged-in\"\n}",
                            "name": ""
                        }
                    ]
                },
                {
                    "name": "Logout of user",
                    "request": {
                        "url": {
                            "host": "{{baseUrl}}",
                            "path": "api\/logout",
                            "query": [],
                            "raw": "{{baseUrl}}\/api\/logout"
                        },
                        "method": "POST",
                        "header": [
                            {
                                "key": "Content-Type",
                                "value": "application\/json"
                            },
                            {
                                "key": "Accept",
                                "value": "application\/json"
                            }
                        ],
                        "body": null,
                        "description": "",
                        "auth": {
                            "type": "noauth"
                        }
                    },
                    "response": [
                        {
                            "header": [],
                            "code": 200,
                            "body": "{\n     \"message\": \"Logged out\"\n}",
                            "name": ""
                        }
                    ]
                }
            ]
        },
        {
            "name": "Course API",
            "description": "\nAPI endpoints for managing courses",
            "item": [
                {
                    "name": "GET api\/courses",
                    "request": {
                        "url": {
                            "host": "{{baseUrl}}",
                            "path": "api\/courses",
                            "query": [],
                            "raw": "{{baseUrl}}\/api\/courses"
                        },
                        "method": "GET",
                        "header": [
                            {
                                "key": "Content-Type",
                                "value": "application\/json"
                            },
                            {
                                "key": "Accept",
                                "value": "application\/json"
                            }
                        ],
                        "body": null,
                        "description": "",
                        "auth": {
                            "type": "noauth"
                        }
                    },
                    "response": [
                        {
                            "header": [
                                {
                                    "key": "cache-control",
                                    "value": "no-cache, private"
                                },
                                {
                                    "key": "content-type",
                                    "value": "application\/json"
                                },
                                {
                                    "key": "access-control-allow-origin",
                                    "value": "*"
                                }
                            ],
                            "code": 401,
                            "body": "{\"message\":\"Unauthenticated.\"}",
                            "name": ""
                        }
                    ]
                },
                {
                    "name": "GET api\/courses\/{id}",
                    "request": {
                        "url": {
                            "host": "{{baseUrl}}",
                            "path": "api\/courses\/:id",
                            "query": [],
                            "raw": "{{baseUrl}}\/api\/courses\/:id",
                            "variable": [
                                {
                                    "id": "id",
                                    "key": "id",
                                    "value": "reprehenderit",
                                    "description": "The ID of the course."
                                }
                            ]
                        },
                        "method": "GET",
                        "header": [
                            {
                                "key": "Content-Type",
                                "value": "application\/json"
                            },
                            {
                                "key": "Accept",
                                "value": "application\/json"
                            }
                        ],
                        "body": null,
                        "description": "",
                        "auth": {
                            "type": "noauth"
                        }
                    },
                    "response": [
                        {
                            "header": [
                                {
                                    "key": "cache-control",
                                    "value": "no-cache, private"
                                },
                                {
                                    "key": "content-type",
                                    "value": "application\/json"
                                },
                                {
                                    "key": "access-control-allow-origin",
                                    "value": "*"
                                }
                            ],
                            "code": 401,
                            "body": "{\"message\":\"Unauthenticated.\"}",
                            "name": ""
                        }
                    ]
                },
                {
                    "name": "POST api\/courses",
                    "request": {
                        "url": {
                            "host": "{{baseUrl}}",
                            "path": "api\/courses",
                            "query": [],
                            "raw": "{{baseUrl}}\/api\/courses"
                        },
                        "method": "POST",
                        "header": [
                            {
                                "key": "Content-Type",
                                "value": "application\/json"
                            },
                            {
                                "key": "Accept",
                                "value": "application\/json"
                            }
                        ],
                        "body": {
                            "mode": "raw",
                            "raw": "{\"name\":\"jqeipmmxxpkfovizhjz\",\"description\":\"Ullam dolore rerum ab deleniti error saepe officiis.\",\"level\":\"g\",\"is_published\":true}"
                        },
                        "description": "",
                        "auth": {
                            "type": "noauth"
                        }
                    },
                    "response": []
                },
                {
                    "name": "PATCH api\/courses\/{id}",
                    "request": {
                        "url": {
                            "host": "{{baseUrl}}",
                            "path": "api\/courses\/:id",
                            "query": [],
                            "raw": "{{baseUrl}}\/api\/courses\/:id",
                            "variable": [
                                {
                                    "id": "id",
                                    "key": "id",
                                    "value": "harum",
                                    "description": "The ID of the course."
                                }
                            ]
                        },
                        "method": "PATCH",
                        "header": [
                            {
                                "key": "Content-Type",
                                "value": "application\/json"
                            },
                            {
                                "key": "Accept",
                                "value": "application\/json"
                            }
                        ],
                        "body": {
                            "mode": "raw",
                            "raw": "{\"name\":\"godevlplxk\",\"description\":\"Aut molestias optio dolorem ut rerum voluptate.\",\"level\":\"rmcsfo\",\"is_published\":false}"
                        },
                        "description": "",
                        "auth": {
                            "type": "noauth"
                        }
                    },
                    "response": []
                },
                {
                    "name": "DELETE api\/courses\/{id}",
                    "request": {
                        "url": {
                            "host": "{{baseUrl}}",
                            "path": "api\/courses\/:id",
                            "query": [],
                            "raw": "{{baseUrl}}\/api\/courses\/:id",
                            "variable": [
                                {
                                    "id": "id",
                                    "key": "id",
                                    "value": "consequuntur",
                                    "description": "The ID of the course."
                                }
                            ]
                        },
                        "method": "DELETE",
                        "header": [
                            {
                                "key": "Content-Type",
                                "value": "application\/json"
                            },
                            {
                                "key": "Accept",
                                "value": "application\/json"
                            }
                        ],
                        "body": null,
                        "description": "",
                        "auth": {
                            "type": "noauth"
                        }
                    },
                    "response": []
                }
            ]
        },
        {
            "name": "Endpoints",
            "description": "",
            "item": [
                {
                    "name": "GET api\/user",
                    "request": {
                        "url": {
                            "host": "{{baseUrl}}",
                            "path": "api\/user",
                            "query": [],
                            "raw": "{{baseUrl}}\/api\/user"
                        },
                        "method": "GET",
                        "header": [
                            {
                                "key": "Content-Type",
                                "value": "application\/json"
                            },
                            {
                                "key": "Accept",
                                "value": "application\/json"
                            }
                        ],
                        "body": null,
                        "description": "",
                        "auth": {
                            "type": "noauth"
                        }
                    },
                    "response": [
                        {
                            "header": [
                                {
                                    "key": "cache-control",
                                    "value": "no-cache, private"
                                },
                                {
                                    "key": "content-type",
                                    "value": "application\/json"
                                },
                                {
                                    "key": "access-control-allow-origin",
                                    "value": "*"
                                }
                            ],
                            "code": 401,
                            "body": "{\"message\":\"Unauthenticated.\"}",
                            "name": ""
                        }
                    ]
                }
            ]
        },
        {
            "name": "Fallback API",
            "description": "\nAPI endpoints for managing fallback responses",
            "item": [
                {
                    "name": "GET api\/{fallbackPlaceholder}",
                    "request": {
                        "url": {
                            "host": "{{baseUrl}}",
                            "path": "api\/:fallbackPlaceholder",
                            "query": [],
                            "raw": "{{baseUrl}}\/api\/:fallbackPlaceholder",
                            "variable": [
                                {
                                    "id": "fallbackPlaceholder",
                                    "key": "fallbackPlaceholder",
                                    "value": "QAI",
                                    "description": ""
                                }
                            ]
                        },
                        "method": "GET",
                        "header": [
                            {
                                "key": "Content-Type",
                                "value": "application\/json"
                            },
                            {
                                "key": "Accept",
                                "value": "application\/json"
                            }
                        ],
                        "body": null,
                        "description": "",
                        "auth": {
                            "type": "noauth"
                        }
                    },
                    "response": [
                        {
                            "header": [
                                {
                                    "key": "cache-control",
                                    "value": "no-cache, private"
                                },
                                {
                                    "key": "content-type",
                                    "value": "application\/json"
                                },
                                {
                                    "key": "x-ratelimit-limit",
                                    "value": "60"
                                },
                                {
                                    "key": "x-ratelimit-remaining",
                                    "value": "59"
                                },
                                {
                                    "key": "access-control-allow-origin",
                                    "value": "*"
                                }
                            ],
                            "code": 404,
                            "body": "{\"success\":false,\"message\":\"Page Not Found. If error persists, contact 20069321@tafe.wa.edu.au\"}",
                            "name": ""
                        }
                    ]
                }
            ]
        },
        {
            "name": "Question API",
            "description": "\nAPI endpoints for managing questions",
            "item": [
                {
                    "name": "GET api\/questions",
                    "request": {
                        "url": {
                            "host": "{{baseUrl}}",
                            "path": "api\/questions",
                            "query": [],
                            "raw": "{{baseUrl}}\/api\/questions"
                        },
                        "method": "GET",
                        "header": [
                            {
                                "key": "Content-Type",
                                "value": "application\/json"
                            },
                            {
                                "key": "Accept",
                                "value": "application\/json"
                            }
                        ],
                        "body": null,
                        "description": "",
                        "auth": {
                            "type": "noauth"
                        }
                    },
                    "response": [
                        {
                            "header": [
                                {
                                    "key": "cache-control",
                                    "value": "no-cache, private"
                                },
                                {
                                    "key": "content-type",
                                    "value": "application\/json"
                                },
                                {
                                    "key": "access-control-allow-origin",
                                    "value": "*"
                                }
                            ],
                            "code": 401,
                            "body": "{\"message\":\"Unauthenticated.\"}",
                            "name": ""
                        }
                    ]
                },
                {
                    "name": "GET api\/questions\/{id}",
                    "request": {
                        "url": {
                            "host": "{{baseUrl}}",
                            "path": "api\/questions\/:id",
                            "query": [],
                            "raw": "{{baseUrl}}\/api\/questions\/:id",
                            "variable": [
                                {
                                    "id": "id",
                                    "key": "id",
                                    "value": "officiis",
                                    "description": "The ID of the question."
                                }
                            ]
                        },
                        "method": "GET",
                        "header": [
                            {
                                "key": "Content-Type",
                                "value": "application\/json"
                            },
                            {
                                "key": "Accept",
                                "value": "application\/json"
                            }
                        ],
                        "body": null,
                        "description": "",
                        "auth": {
                            "type": "noauth"
                        }
                    },
                    "response": [
                        {
                            "header": [
                                {
                                    "key": "cache-control",
                                    "value": "no-cache, private"
                                },
                                {
                                    "key": "content-type",
                                    "value": "application\/json"
                                },
                                {
                                    "key": "access-control-allow-origin",
                                    "value": "*"
                                }
                            ],
                            "code": 401,
                            "body": "{\"message\":\"Unauthenticated.\"}",
                            "name": ""
                        }
                    ]
                },
                {
                    "name": "POST api\/questions",
                    "request": {
                        "url": {
                            "host": "{{baseUrl}}",
                            "path": "api\/questions",
                            "query": [],
                            "raw": "{{baseUrl}}\/api\/questions"
                        },
                        "method": "POST",
                        "header": [
                            {
                                "key": "Content-Type",
                                "value": "application\/json"
                            },
                            {
                                "key": "Accept",
                                "value": "application\/json"
                            }
                        ],
                        "body": {
                            "mode": "raw",
                            "raw": "{\"quiz_id\":\"enim\",\"content\":\"ipsam\",\"type\":\"repudiandae\",\"points\":18}"
                        },
                        "description": "",
                        "auth": {
                            "type": "noauth"
                        }
                    },
                    "response": []
                },
                {
                    "name": "PATCH api\/questions\/{id}",
                    "request": {
                        "url": {
                            "host": "{{baseUrl}}",
                            "path": "api\/questions\/:id",
                            "query": [],
                            "raw": "{{baseUrl}}\/api\/questions\/:id",
                            "variable": [
                                {
                                    "id": "id",
                                    "key": "id",
                                    "value": "sed",
                                    "description": "The ID of the question."
                                }
                            ]
                        },
                        "method": "PATCH",
                        "header": [
                            {
                                "key": "Content-Type",
                                "value": "application\/json"
                            },
                            {
                                "key": "Accept",
                                "value": "application\/json"
                            }
                        ],
                        "body": {
                            "mode": "raw",
                            "raw": "{\"quiz_id\":\"ducimus\",\"content\":\"ut\",\"type\":\"omnis\",\"points\":19}"
                        },
                        "description": "",
                        "auth": {
                            "type": "noauth"
                        }
                    },
                    "response": []
                },
                {
                    "name": "DELETE api\/questions\/{id}",
                    "request": {
                        "url": {
                            "host": "{{baseUrl}}",
                            "path": "api\/questions\/:id",
                            "query": [],
                            "raw": "{{baseUrl}}\/api\/questions\/:id",
                            "variable": [
                                {
                                    "id": "id",
                                    "key": "id",
                                    "value": "voluptatem",
                                    "description": "The ID of the question."
                                }
                            ]
                        },
                        "method": "DELETE",
                        "header": [
                            {
                                "key": "Content-Type",
                                "value": "application\/json"
                            },
                            {
                                "key": "Accept",
                                "value": "application\/json"
                            }
                        ],
                        "body": null,
                        "description": "",
                        "auth": {
                            "type": "noauth"
                        }
                    },
                    "response": []
                }
            ]
        },
        {
            "name": "Quiz API",
            "description": "\nAPI endpoints for managing quizzes",
            "item": [
                {
                    "name": "Display a listing of quizzes.",
                    "request": {
                        "url": {
                            "host": "{{baseUrl}}",
                            "path": "api\/quizzes",
                            "query": [],
                            "raw": "{{baseUrl}}\/api\/quizzes"
                        },
                        "method": "GET",
                        "header": [
                            {
                                "key": "Content-Type",
                                "value": "application\/json"
                            },
                            {
                                "key": "Accept",
                                "value": "application\/json"
                            }
                        ],
                        "body": null,
                        "description": "",
                        "auth": {
                            "type": "noauth"
                        }
                    },
                    "response": [
                        {
                            "header": [
                                {
                                    "key": "cache-control",
                                    "value": "no-cache, private"
                                },
                                {
                                    "key": "content-type",
                                    "value": "application\/json"
                                },
                                {
                                    "key": "access-control-allow-origin",
                                    "value": "*"
                                }
                            ],
                            "code": 401,
                            "body": "{\"message\":\"Unauthenticated.\"}",
                            "name": ""
                        }
                    ]
                },
                {
                    "name": "Display the specified quiz.",
                    "request": {
                        "url": {
                            "host": "{{baseUrl}}",
                            "path": "api\/quizzes\/:id",
                            "query": [],
                            "raw": "{{baseUrl}}\/api\/quizzes\/:id",
                            "variable": [
                                {
                                    "id": "id",
                                    "key": "id",
                                    "value": "amet",
                                    "description": "The ID of the quiz."
                                }
                            ]
                        },
                        "method": "GET",
                        "header": [
                            {
                                "key": "Content-Type",
                                "value": "application\/json"
                            },
                            {
                                "key": "Accept",
                                "value": "application\/json"
                            }
                        ],
                        "body": null,
                        "description": "",
                        "auth": {
                            "type": "noauth"
                        }
                    },
                    "response": [
                        {
                            "header": [
                                {
                                    "key": "cache-control",
                                    "value": "no-cache, private"
                                },
                                {
                                    "key": "content-type",
                                    "value": "application\/json"
                                },
                                {
                                    "key": "access-control-allow-origin",
                                    "value": "*"
                                }
                            ],
                            "code": 401,
                            "body": "{\"message\":\"Unauthenticated.\"}",
                            "name": ""
                        }
                    ]
                },
                {
                    "name": "Store a newly created quiz in storage.",
                    "request": {
                        "url": {
                            "host": "{{baseUrl}}",
                            "path": "api\/quizzes",
                            "query": [],
                            "raw": "{{baseUrl}}\/api\/quizzes"
                        },
                        "method": "POST",
                        "header": [
                            {
                                "key": "Content-Type",
                                "value": "application\/json"
                            },
                            {
                                "key": "Accept",
                                "value": "application\/json"
                            }
                        ],
                        "body": {
                            "mode": "raw",
                            "raw": "{\"course_id\":\"pariatur\",\"title\":\"n\",\"description\":\"Modi at et ut occaecati veniam impedit.\",\"total_questions\":17,\"active_status\":true,\"is_published\":true}"
                        },
                        "description": "",
                        "auth": {
                            "type": "noauth"
                        }
                    },
                    "response": []
                },
                {
                    "name": "Update the specified quiz in storage.",
                    "request": {
                        "url": {
                            "host": "{{baseUrl}}",
                            "path": "api\/quizzes\/:id",
                            "query": [],
                            "raw": "{{baseUrl}}\/api\/quizzes\/:id",
                            "variable": [
                                {
                                    "id": "id",
                                    "key": "id",
                                    "value": "qui",
                                    "description": "The ID of the quiz."
                                }
                            ]
                        },
                        "method": "PATCH",
                        "header": [
                            {
                                "key": "Content-Type",
                                "value": "application\/json"
                            },
                            {
                                "key": "Accept",
                                "value": "application\/json"
                            }
                        ],
                        "body": {
                            "mode": "raw",
                            "raw": "{\"title\":\"hturnmrhxwjqewpjhdrdkgjw\",\"description\":\"Impedit quas sit voluptas ullam error.\",\"total_questions\":12,\"active_status\":true,\"is_published\":true}"
                        },
                        "description": "",
                        "auth": {
                            "type": "noauth"
                        }
                    },
                    "response": []
                },
                {
                    "name": "Remove the specified quiz from storage.",
                    "request": {
                        "url": {
                            "host": "{{baseUrl}}",
                            "path": "api\/quizzes\/:id",
                            "query": [],
                            "raw": "{{baseUrl}}\/api\/quizzes\/:id",
                            "variable": [
                                {
                                    "id": "id",
                                    "key": "id",
                                    "value": "itaque",
                                    "description": "The ID of the quiz."
                                }
                            ]
                        },
                        "method": "DELETE",
                        "header": [
                            {
                                "key": "Content-Type",
                                "value": "application\/json"
                            },
                            {
                                "key": "Accept",
                                "value": "application\/json"
                            }
                        ],
                        "body": null,
                        "description": "",
                        "auth": {
                            "type": "noauth"
                        }
                    },
                    "response": []
                }
            ]
        },
        {
            "name": "Quiz Attempt API",
            "description": "\nAPI endpoints for managing quiz attempts",
            "item": [
                {
                    "name": "GET api\/quiz_attempts",
                    "request": {
                        "url": {
                            "host": "{{baseUrl}}",
                            "path": "api\/quiz_attempts",
                            "query": [],
                            "raw": "{{baseUrl}}\/api\/quiz_attempts"
                        },
                        "method": "GET",
                        "header": [
                            {
                                "key": "Content-Type",
                                "value": "application\/json"
                            },
                            {
                                "key": "Accept",
                                "value": "application\/json"
                            }
                        ],
                        "body": {
                            "mode": "raw",
                            "raw": "{\"page\":25,\"per_page\":3}"
                        },
                        "description": "",
                        "auth": {
                            "type": "noauth"
                        }
                    },
                    "response": [
                        {
                            "header": [
                                {
                                    "key": "cache-control",
                                    "value": "no-cache, private"
                                },
                                {
                                    "key": "content-type",
                                    "value": "application\/json"
                                },
                                {
                                    "key": "access-control-allow-origin",
                                    "value": "*"
                                }
                            ],
                            "code": 401,
                            "body": "{\"message\":\"Unauthenticated.\"}",
                            "name": ""
                        }
                    ]
                },
                {
                    "name": "GET api\/quiz_attempts\/{id}",
                    "request": {
                        "url": {
                            "host": "{{baseUrl}}",
                            "path": "api\/quiz_attempts\/:id",
                            "query": [],
                            "raw": "{{baseUrl}}\/api\/quiz_attempts\/:id",
                            "variable": [
                                {
                                    "id": "id",
                                    "key": "id",
                                    "value": "ex",
                                    "description": "The ID of the quiz attempt."
                                }
                            ]
                        },
                        "method": "GET",
                        "header": [
                            {
                                "key": "Content-Type",
                                "value": "application\/json"
                            },
                            {
                                "key": "Accept",
                                "value": "application\/json"
                            }
                        ],
                        "body": null,
                        "description": "",
                        "auth": {
                            "type": "noauth"
                        }
                    },
                    "response": [
                        {
                            "header": [
                                {
                                    "key": "cache-control",
                                    "value": "no-cache, private"
                                },
                                {
                                    "key": "content-type",
                                    "value": "application\/json"
                                },
                                {
                                    "key": "access-control-allow-origin",
                                    "value": "*"
                                }
                            ],
                            "code": 401,
                            "body": "{\"message\":\"Unauthenticated.\"}",
                            "name": ""
                        }
                    ]
                },
                {
                    "name": "POST api\/quiz_attempts",
                    "request": {
                        "url": {
                            "host": "{{baseUrl}}",
                            "path": "api\/quiz_attempts",
                            "query": [],
                            "raw": "{{baseUrl}}\/api\/quiz_attempts"
                        },
                        "method": "POST",
                        "header": [
                            {
                                "key": "Content-Type",
                                "value": "application\/json"
                            },
                            {
                                "key": "Accept",
                                "value": "application\/json"
                            }
                        ],
                        "body": {
                            "mode": "raw",
                            "raw": "{\"user_id\":\"libero\",\"quiz_id\":\"et\",\"attempt_number\":39,\"score\":59,\"completed_at\":\"2023-11-28T13:29:46\"}"
                        },
                        "description": "",
                        "auth": {
                            "type": "noauth"
                        }
                    },
                    "response": []
                },
                {
                    "name": "PATCH api\/quiz_attempts\/{id}",
                    "request": {
                        "url": {
                            "host": "{{baseUrl}}",
                            "path": "api\/quiz_attempts\/:id",
                            "query": [],
                            "raw": "{{baseUrl}}\/api\/quiz_attempts\/:id",
                            "variable": [
                                {
                                    "id": "id",
                                    "key": "id",
                                    "value": "modi",
                                    "description": "The ID of the quiz attempt."
                                }
                            ]
                        },
                        "method": "PATCH",
                        "header": [
                            {
                                "key": "Content-Type",
                                "value": "application\/json"
                            },
                            {
                                "key": "Accept",
                                "value": "application\/json"
                            }
                        ],
                        "body": {
                            "mode": "raw",
                            "raw": "{\"user_id\":\"harum\",\"quiz_id\":\"quia\",\"attempt_number\":18,\"score\":74,\"completed_at\":\"2023-11-28T13:29:46\"}"
                        },
                        "description": "",
                        "auth": {
                            "type": "noauth"
                        }
                    },
                    "response": []
                },
                {
                    "name": "DELETE api\/quiz_attempts\/{id}",
                    "request": {
                        "url": {
                            "host": "{{baseUrl}}",
                            "path": "api\/quiz_attempts\/:id",
                            "query": [],
                            "raw": "{{baseUrl}}\/api\/quiz_attempts\/:id",
                            "variable": [
                                {
                                    "id": "id",
                                    "key": "id",
                                    "value": "placeat",
                                    "description": "The ID of the quiz attempt."
                                }
                            ]
                        },
                        "method": "DELETE",
                        "header": [
                            {
                                "key": "Content-Type",
                                "value": "application\/json"
                            },
                            {
                                "key": "Accept",
                                "value": "application\/json"
                            }
                        ],
                        "body": null,
                        "description": "",
                        "auth": {
                            "type": "noauth"
                        }
                    },
                    "response": []
                }
            ]
        },
        {
            "name": "Recommendation API",
            "description": "\nAPI endpoints for managing recommendations",
            "item": [
                {
                    "name": "Display a listing of recommendations.",
                    "request": {
                        "url": {
                            "host": "{{baseUrl}}",
                            "path": "api\/recommendations",
                            "query": [],
                            "raw": "{{baseUrl}}\/api\/recommendations"
                        },
                        "method": "GET",
                        "header": [
                            {
                                "key": "Content-Type",
                                "value": "application\/json"
                            },
                            {
                                "key": "Accept",
                                "value": "application\/json"
                            }
                        ],
                        "body": null,
                        "description": "",
                        "auth": {
                            "type": "noauth"
                        }
                    },
                    "response": [
                        {
                            "header": [
                                {
                                    "key": "cache-control",
                                    "value": "no-cache, private"
                                },
                                {
                                    "key": "content-type",
                                    "value": "application\/json"
                                },
                                {
                                    "key": "access-control-allow-origin",
                                    "value": "*"
                                }
                            ],
                            "code": 401,
                            "body": "{\"message\":\"Unauthenticated.\"}",
                            "name": ""
                        }
                    ]
                },
                {
                    "name": "Display the specified recommendation.",
                    "request": {
                        "url": {
                            "host": "{{baseUrl}}",
                            "path": "api\/recommendations\/:id",
                            "query": [],
                            "raw": "{{baseUrl}}\/api\/recommendations\/:id",
                            "variable": [
                                {
                                    "id": "id",
                                    "key": "id",
                                    "value": "in",
                                    "description": "The ID of the recommendation."
                                }
                            ]
                        },
                        "method": "GET",
                        "header": [
                            {
                                "key": "Content-Type",
                                "value": "application\/json"
                            },
                            {
                                "key": "Accept",
                                "value": "application\/json"
                            }
                        ],
                        "body": null,
                        "description": "",
                        "auth": {
                            "type": "noauth"
                        }
                    },
                    "response": [
                        {
                            "header": [
                                {
                                    "key": "cache-control",
                                    "value": "no-cache, private"
                                },
                                {
                                    "key": "content-type",
                                    "value": "application\/json"
                                },
                                {
                                    "key": "access-control-allow-origin",
                                    "value": "*"
                                }
                            ],
                            "code": 401,
                            "body": "{\"message\":\"Unauthenticated.\"}",
                            "name": ""
                        }
                    ]
                },
                {
                    "name": "Store a newly created recommendation in storage.",
                    "request": {
                        "url": {
                            "host": "{{baseUrl}}",
                            "path": "api\/recommendations",
                            "query": [],
                            "raw": "{{baseUrl}}\/api\/recommendations"
                        },
                        "method": "POST",
                        "header": [
                            {
                                "key": "Content-Type",
                                "value": "application\/json"
                            },
                            {
                                "key": "Accept",
                                "value": "application\/json"
                            }
                        ],
                        "body": {
                            "mode": "raw",
                            "raw": "{\"result_id\":\"quisquam\",\"content\":\"wppuklezyfjwb\",\"action_link\":\"gunmyoncobjukljz\"}"
                        },
                        "description": "",
                        "auth": {
                            "type": "noauth"
                        }
                    },
                    "response": []
                },
                {
                    "name": "Update the specified recommendation in storage.",
                    "request": {
                        "url": {
                            "host": "{{baseUrl}}",
                            "path": "api\/recommendations\/:id",
                            "query": [],
                            "raw": "{{baseUrl}}\/api\/recommendations\/:id",
                            "variable": [
                                {
                                    "id": "id",
                                    "key": "id",
                                    "value": "dicta",
                                    "description": "The ID of the recommendation."
                                }
                            ]
                        },
                        "method": "PATCH",
                        "header": [
                            {
                                "key": "Content-Type",
                                "value": "application\/json"
                            },
                            {
                                "key": "Accept",
                                "value": "application\/json"
                            }
                        ],
                        "body": {
                            "mode": "raw",
                            "raw": "{\"content\":\"khazceudyeylwtmpk\",\"action_link\":\"dmlcrjrriftfavoxayjyanwns\"}"
                        },
                        "description": "",
                        "auth": {
                            "type": "noauth"
                        }
                    },
                    "response": []
                },
                {
                    "name": "Remove the specified recommendation from storage.",
                    "request": {
                        "url": {
                            "host": "{{baseUrl}}",
                            "path": "api\/recommendations\/:id",
                            "query": [],
                            "raw": "{{baseUrl}}\/api\/recommendations\/:id",
                            "variable": [
                                {
                                    "id": "id",
                                    "key": "id",
                                    "value": "qui",
                                    "description": "The ID of the recommendation."
                                }
                            ]
                        },
                        "method": "DELETE",
                        "header": [
                            {
                                "key": "Content-Type",
                                "value": "application\/json"
                            },
                            {
                                "key": "Accept",
                                "value": "application\/json"
                            }
                        ],
                        "body": null,
                        "description": "",
                        "auth": {
                            "type": "noauth"
                        }
                    },
                    "response": []
                }
            ]
        },
        {
            "name": "Result API",
            "description": "\nAPI endpoints for managing results",
            "item": [
                {
                    "name": "Display a listing of results.",
                    "request": {
                        "url": {
                            "host": "{{baseUrl}}",
                            "path": "api\/results",
                            "query": [],
                            "raw": "{{baseUrl}}\/api\/results"
                        },
                        "method": "GET",
                        "header": [
                            {
                                "key": "Content-Type",
                                "value": "application\/json"
                            },
                            {
                                "key": "Accept",
                                "value": "application\/json"
                            }
                        ],
                        "body": {
                            "mode": "raw",
                            "raw": "{\"page\":45,\"per_page\":6}"
                        },
                        "description": "",
                        "auth": {
                            "type": "noauth"
                        }
                    },
                    "response": [
                        {
                            "header": [
                                {
                                    "key": "cache-control",
                                    "value": "no-cache, private"
                                },
                                {
                                    "key": "content-type",
                                    "value": "application\/json"
                                },
                                {
                                    "key": "access-control-allow-origin",
                                    "value": "*"
                                }
                            ],
                            "code": 401,
                            "body": "{\"message\":\"Unauthenticated.\"}",
                            "name": ""
                        }
                    ]
                },
                {
                    "name": "Display the specified result.",
                    "request": {
                        "url": {
                            "host": "{{baseUrl}}",
                            "path": "api\/results\/:id",
                            "query": [],
                            "raw": "{{baseUrl}}\/api\/results\/:id",
                            "variable": [
                                {
                                    "id": "id",
                                    "key": "id",
                                    "value": "consequuntur",
                                    "description": "The ID of the result."
                                }
                            ]
                        },
                        "method": "GET",
                        "header": [
                            {
                                "key": "Content-Type",
                                "value": "application\/json"
                            },
                            {
                                "key": "Accept",
                                "value": "application\/json"
                            }
                        ],
                        "body": null,
                        "description": "",
                        "auth": {
                            "type": "noauth"
                        }
                    },
                    "response": [
                        {
                            "header": [
                                {
                                    "key": "cache-control",
                                    "value": "no-cache, private"
                                },
                                {
                                    "key": "content-type",
                                    "value": "application\/json"
                                },
                                {
                                    "key": "access-control-allow-origin",
                                    "value": "*"
                                }
                            ],
                            "code": 401,
                            "body": "{\"message\":\"Unauthenticated.\"}",
                            "name": ""
                        }
                    ]
                },
                {
                    "name": "Store a newly created result.",
                    "request": {
                        "url": {
                            "host": "{{baseUrl}}",
                            "path": "api\/results",
                            "query": [],
                            "raw": "{{baseUrl}}\/api\/results"
                        },
                        "method": "POST",
                        "header": [
                            {
                                "key": "Content-Type",
                                "value": "application\/json"
                            },
                            {
                                "key": "Accept",
                                "value": "application\/json"
                            }
                        ],
                        "body": {
                            "mode": "raw",
                            "raw": "{\"quiz_attempt_id\":\"similique\",\"user_id\":\"laudantium\",\"score\":14,\"passed\":false,\"feedback\":\"earum\"}"
                        },
                        "description": "",
                        "auth": {
                            "type": "noauth"
                        }
                    },
                    "response": []
                },
                {
                    "name": "Update the specified result.",
                    "request": {
                        "url": {
                            "host": "{{baseUrl}}",
                            "path": "api\/results\/:id",
                            "query": [],
                            "raw": "{{baseUrl}}\/api\/results\/:id",
                            "variable": [
                                {
                                    "id": "id",
                                    "key": "id",
                                    "value": "dolores",
                                    "description": "The ID of the result."
                                }
                            ]
                        },
                        "method": "PATCH",
                        "header": [
                            {
                                "key": "Content-Type",
                                "value": "application\/json"
                            },
                            {
                                "key": "Accept",
                                "value": "application\/json"
                            }
                        ],
                        "body": {
                            "mode": "raw",
                            "raw": "{\"score\":19,\"passed\":false,\"feedback\":\"doloremque\"}"
                        },
                        "description": "",
                        "auth": {
                            "type": "noauth"
                        }
                    },
                    "response": []
                },
                {
                    "name": "Remove the specified result.",
                    "request": {
                        "url": {
                            "host": "{{baseUrl}}",
                            "path": "api\/results\/:id",
                            "query": [],
                            "raw": "{{baseUrl}}\/api\/results\/:id",
                            "variable": [
                                {
                                    "id": "id",
                                    "key": "id",
                                    "value": "quo",
                                    "description": "The ID of the result."
                                }
                            ]
                        },
                        "method": "DELETE",
                        "header": [
                            {
                                "key": "Content-Type",
                                "value": "application\/json"
                            },
                            {
                                "key": "Accept",
                                "value": "application\/json"
                            }
                        ],
                        "body": null,
                        "description": "",
                        "auth": {
                            "type": "noauth"
                        }
                    },
                    "response": []
                }
            ]
        },
        {
            "name": "User API",
            "description": "\nAPI endpoints for managing users",
            "item": [
                {
                    "name": "GET api\/users",
                    "request": {
                        "url": {
                            "host": "{{baseUrl}}",
                            "path": "api\/users",
                            "query": [],
                            "raw": "{{baseUrl}}\/api\/users"
                        },
                        "method": "GET",
                        "header": [
                            {
                                "key": "Content-Type",
                                "value": "application\/json"
                            },
                            {
                                "key": "Accept",
                                "value": "application\/json"
                            }
                        ],
                        "body": {
                            "mode": "raw",
                            "raw": "{\"page\":73,\"per_page\":1}"
                        },
                        "description": "",
                        "auth": {
                            "type": "noauth"
                        }
                    },
                    "response": [
                        {
                            "header": [
                                {
                                    "key": "cache-control",
                                    "value": "no-cache, private"
                                },
                                {
                                    "key": "content-type",
                                    "value": "application\/json"
                                },
                                {
                                    "key": "access-control-allow-origin",
                                    "value": "*"
                                }
                            ],
                            "code": 401,
                            "body": "{\"message\":\"Unauthenticated.\"}",
                            "name": ""
                        }
                    ]
                },
                {
                    "name": "GET api\/users\/{id}",
                    "request": {
                        "url": {
                            "host": "{{baseUrl}}",
                            "path": "api\/users\/:id",
                            "query": [],
                            "raw": "{{baseUrl}}\/api\/users\/:id",
                            "variable": [
                                {
                                    "id": "id",
                                    "key": "id",
                                    "value": "sed",
                                    "description": "The ID of the user."
                                }
                            ]
                        },
                        "method": "GET",
                        "header": [
                            {
                                "key": "Content-Type",
                                "value": "application\/json"
                            },
                            {
                                "key": "Accept",
                                "value": "application\/json"
                            }
                        ],
                        "body": null,
                        "description": "",
                        "auth": {
                            "type": "noauth"
                        }
                    },
                    "response": [
                        {
                            "header": [
                                {
                                    "key": "cache-control",
                                    "value": "no-cache, private"
                                },
                                {
                                    "key": "content-type",
                                    "value": "application\/json"
                                },
                                {
                                    "key": "access-control-allow-origin",
                                    "value": "*"
                                }
                            ],
                            "code": 401,
                            "body": "{\"message\":\"Unauthenticated.\"}",
                            "name": ""
                        }
                    ]
                },
                {
                    "name": "POST api\/users",
                    "request": {
                        "url": {
                            "host": "{{baseUrl}}",
                            "path": "api\/users",
                            "query": [],
                            "raw": "{{baseUrl}}\/api\/users"
                        },
                        "method": "POST",
                        "header": [
                            {
                                "key": "Content-Type",
                                "value": "application\/json"
                            },
                            {
                                "key": "Accept",
                                "value": "application\/json"
                            }
                        ],
                        "body": {
                            "mode": "raw",
                            "raw": "{\"name\":\"minus\",\"email\":\"iliana73@example.net\",\"password\":\"occaecati\",\"roles\":\"eum\"}"
                        },
                        "description": "",
                        "auth": {
                            "type": "noauth"
                        }
                    },
                    "response": []
                },
                {
                    "name": "PATCH api\/users\/{id}",
                    "request": {
                        "url": {
                            "host": "{{baseUrl}}",
                            "path": "api\/users\/:id",
                            "query": [],
                            "raw": "{{baseUrl}}\/api\/users\/:id",
                            "variable": [
                                {
                                    "id": "id",
                                    "key": "id",
                                    "value": "possimus",
                                    "description": "The ID of the user."
                                }
                            ]
                        },
                        "method": "PATCH",
                        "header": [
                            {
                                "key": "Content-Type",
                                "value": "application\/json"
                            },
                            {
                                "key": "Accept",
                                "value": "application\/json"
                            }
                        ],
                        "body": {
                            "mode": "raw",
                            "raw": "{\"name\":\"aliquam\",\"roles\":\"laudantium\"}"
                        },
                        "description": "",
                        "auth": {
                            "type": "noauth"
                        }
                    },
                    "response": []
                },
                {
                    "name": "DELETE api\/users\/{id}",
                    "request": {
                        "url": {
                            "host": "{{baseUrl}}",
                            "path": "api\/users\/:id",
                            "query": [],
                            "raw": "{{baseUrl}}\/api\/users\/:id",
                            "variable": [
                                {
                                    "id": "id",
                                    "key": "id",
                                    "value": "omnis",
                                    "description": "The ID of the user."
                                }
                            ]
                        },
                        "method": "DELETE",
                        "header": [
                            {
                                "key": "Content-Type",
                                "value": "application\/json"
                            },
                            {
                                "key": "Accept",
                                "value": "application\/json"
                            }
                        ],
                        "body": null,
                        "description": "",
                        "auth": {
                            "type": "noauth"
                        }
                    },
                    "response": []
                }
            ]
        }
    ],
    "auth": {
        "type": "noauth"
    }
}